<?xml version="1.0" ?>
	<eveOverview>
		<tab bracket="&#10050; brackets with adds." name="&lt;color=0xFFFFFFFF&gt;   &#9992;   &lt;/color&gt;" overview="&#9992;  ━━━━ basic travel ━━━━ "/>
		<tab bracket="&#10050; default brackets" name="&lt;color=0xFFFF6F75&gt;      &lt;b&gt;main&lt;/b&gt;      &lt;/color&gt;" overview="★   ━━━━ normal pvp ━━━━ "/>
		<tab bracket="&#10050; brackets show ally" name="&lt;color=0xFFFFE900&gt;   3   &lt;/color&gt;" overview="★  ━ clear: all ships ━  "/>
		<tab bracket="&#10050; brackets show ally" name="  4  " overview="☆  ━━━━ friendly: all ━━━━ "/>
		<tab bracket="&#10050; default brackets" name="&lt;color=0xFF7FFF1F&gt; &lt;b&gt;warpout!&lt;/b&gt; &lt;/color&gt;" overview="&#10034; extra: podsaver (!)"/>
		<globalSettings>
			<useSmallColorTags value="0"/>
			<applyOnlyToShips value="True"/>
			<hideCorpTicker value="1"/>
			<overviewBroadcastsToTop value="True"/>
			<columns>
				<column id="ICON"/>
				<column id="TAG"/>
				<column id="DISTANCE"/>
				<column id="VELOCITY"/>
				<column id="NAME"/>
				<column id="TYPE"/>
				<column id="ANGULARVELOCITY"/>
				<column id="CORPORATION"/>
				<column id="ALLIANCE"/>
				<column id="TRANSVERSALVELOCITY"/>
			</columns>
			<shipLabels>
				<label>
					<part name="pre" value="&lt;fontsize=11&gt;&lt;color=0xFFF5DEB3&gt;&lt;b&gt;"/>
					<part name="state" value="1"/>
					<part name="type" value="ship type"/>
					<part name="post" value="&lt;/b&gt;&lt;/color&gt;&lt;/fontsize&gt;  ["/>
				</label>
				<label>
					<part name="pre" value="&lt;color=0xFFFFB900&gt;"/>
					<part name="state" value="1"/>
					<part name="type" value="alliance"/>
					<part name="post" value="&lt;/color&gt;"/>
				</label>			
				<label>
					<part name="pre" value=" "/>
					<part name="state" value="1"/>
					<part name="type" value="corporation"/>
					<part name="post" value=""/>
				</label>				
				<label>
					<part name="pre" value="] &lt;color=0xFFFFFFFF&gt;&lt;b&gt;"/>
					<part name="state" value="1"/>
					<part name="type" value="pilot name"/>
					<part name="post" value="&lt;/b&gt;&lt;/color&gt; "/>
				</label>
				<label>
					<part name="pre" value=""/>
					<part name="state" value="1"/>
					<part name="type" value="ship name"/>
					<part name="post" value="   &lt;fontsize=11&gt;&lt;color=0xFFFEFF6F&gt;&lt;b&gt;"/>
				</label>
				<label>
					<part name="pre" value="["/>
					<part name="state" value="0"/>
					<part name="type" value="None"/>
					<part name="post" value=""/>
				</label>				
			</shipLabels>
		</globalSettings>		
		<profile name="★   ━━━━ normal pvp ━━━━ ">
			<groups>
				<group id="324"/>
				<group id="419"/>
				<group id="27"/>
				<group id="898"/>
				<group id="883"/>
				<group id="29"/>
				<group id="547"/>
				<group id="906"/>
				<group id="540"/>
				<group id="830"/>
				<group id="26"/>
				<group id="420"/>
				<group id="485"/>
				<group id="893"/>
				<group id="381"/>
				<group id="543"/>
				<group id="833"/>
				<group id="513"/>
				<group id="25"/>
				<group id="358"/>
				<group id="894"/>
				<group id="28"/>
				<group id="941"/>
				<group id="831"/>
				<group id="541"/>
				<group id="902"/>
				<group id="832"/>
				<group id="900"/>
				<group id="463"/>
				<group id="1022"/>
				<group id="237"/>
				<group id="31"/>
				<group id="834"/>
				<group id="963"/>
				<group id="659"/>
				<group id="30"/>
				<group id="380"/>
				<group id="90"/>
				<group id="863"/>
				<group id="864"/>
				<group id="479"/>
				<group id="492"/>
				<group id="548"/>
				<group id="310"/>
				<group id="897"/>
				<group id="6"/>
				<group id="366"/>
				<group id="576"/>
				<group id="552"/>
				<group id="551"/>
				<group id="575"/>
				<group id="550"/>
				<group id="554"/>
				<group id="553"/>
				<group id="578"/>
				<group id="556"/>
				<group id="555"/>
				<group id="577"/>
				<group id="557"/>
				<group id="558"/>
				<group id="559"/>
				<group id="580"/>
				<group id="560"/>
				<group id="561"/>
				<group id="579"/>
				<group id="562"/>
				<group id="563"/>
				<group id="564"/>
				<group id="582"/>
				<group id="565"/>
				<group id="566"/>
				<group id="581"/>
				<group id="567"/>
				<group id="568"/>
				<group id="569"/>
				<group id="584"/>
				<group id="570"/>
				<group id="571"/>
				<group id="583"/>
				<group id="572"/>
				<group id="573"/>
				<group id="574"/>
				<group id="593"/>
				<group id="594"/>
				<group id="595"/>
				<group id="596"/>
				<group id="597"/>
				<group id="602"/>
				<group id="603"/>
				<group id="604"/>
				<group id="605"/>
				<group id="606"/>
				<group id="611"/>
				<group id="612"/>
				<group id="613"/>
				<group id="614"/>
				<group id="615"/>
				<group id="620"/>
				<group id="621"/>
				<group id="622"/>
				<group id="623"/>
				<group id="624"/>
				<group id="629"/>
				<group id="630"/>
				<group id="631"/>
				<group id="632"/>
				<group id="633"/>
				<group id="983"/>
				<group id="959"/>
				<group id="982"/>
				<group id="985"/>
				<group id="960"/>
				<group id="984"/>
				<group id="987"/>
				<group id="961"/>
				<group id="986"/>
				<group id="793"/>
				<group id="790"/>
				<group id="794"/>
				<group id="789"/>
				<group id="795"/>
				<group id="791"/>
				<group id="796"/>
				<group id="792"/>
				<group id="797"/>
				<group id="798"/>
				<group id="799"/>
				<group id="800"/>
				<group id="755"/>
				<group id="756"/>
				<group id="757"/>
				<group id="758"/>
				<group id="759"/>
				<group id="760"/>
				<group id="761"/>
				<group id="807"/>
				<group id="808"/>
				<group id="809"/>
				<group id="810"/>
				<group id="811"/>
				<group id="812"/>
				<group id="813"/>
				<group id="814"/>
				<group id="801"/>
				<group id="802"/>
				<group id="803"/>
				<group id="804"/>
				<group id="805"/>
				<group id="806"/>
				<group id="819"/>
				<group id="820"/>
				<group id="821"/>
				<group id="847"/>
				<group id="846"/>
				<group id="845"/>
				<group id="843"/>
				<group id="844"/>
				<group id="848"/>
				<group id="849"/>
				<group id="850"/>
				<group id="851"/>
				<group id="852"/>
				<group id="865"/>
				<group id="866"/>
				<group id="867"/>
				<group id="868"/>
				<group id="861"/>
				<group id="875"/>
				<group id="1056"/>
				<group id="1052"/>
				<group id="1054"/>
				<group id="1053"/>
				<group id="1051"/>
				<group id="383"/>
				<group id="337"/>
				<group id="523"/>
				<group id="520"/>
				<group id="522"/>
				<group id="534"/>
				<group id="527"/>
				<group id="533"/>
				<group id="816"/>
				<group id="817"/>
				<group id="818"/>
				<group id="822"/>
				<group id="823"/>
				<group id="824"/>
				<group id="825"/>
				<group id="826"/>
				<group id="827"/>
				<group id="828"/>
				<group id="829"/>
				<group id="361"/>
				<group id="10"/>
				<group id="15"/>
				<group id="988"/>
				<group id="707"/>
				<group id="1201"/>
				<group id="1202"/>
			</groups>
			<filteredStates>
				<state state="15"/>
				<state state="16"/>
				<state state="14"/>
				<state state="12"/>
				<state state="11"/>
				<state state="21"/>
				<state state="49"/>
				<state state="45"/>
			</filteredStates>
			<ewarFilters/>
		</profile>
		<profile name="★  bombing warpouts">
			<groups>
				<group id="90"/>
				<group id="863"/>
				<group id="864"/>
				<group id="310"/>
				<group id="897"/>
				<group id="361"/>
				<group id="9"/>
				<group id="8"/>
			</groups>
			<filteredStates>
				<state state="15"/>
				<state state="16"/>
				<state state="14"/>
				<state state="12"/>
				<state state="11"/>
				<state state="21"/>
				<state state="49"/>
				<state state="45"/>
			</filteredStates>
			<ewarFilters/>
		</profile>		
		<profile name="★  bashing structure">
			<groups>
				<group id="324"/>
				<group id="419"/>
				<group id="27"/>
				<group id="898"/>
				<group id="883"/>
				<group id="29"/>
				<group id="547"/>
				<group id="906"/>
				<group id="540"/>
				<group id="830"/>
				<group id="26"/>
				<group id="420"/>
				<group id="485"/>
				<group id="893"/>
				<group id="381"/>
				<group id="543"/>
				<group id="833"/>
				<group id="513"/>
				<group id="25"/>
				<group id="358"/>
				<group id="894"/>
				<group id="28"/>
				<group id="941"/>
				<group id="831"/>
				<group id="541"/>
				<group id="902"/>
				<group id="832"/>
				<group id="900"/>
				<group id="463"/>
				<group id="1022"/>
				<group id="237"/>
				<group id="31"/>
				<group id="834"/>
				<group id="963"/>
				<group id="659"/>
				<group id="30"/>
				<group id="380"/>
				<group id="90"/>
				<group id="863"/>
				<group id="864"/>
				<group id="479"/>
				<group id="492"/>
				<group id="548"/>
				<group id="310"/>
				<group id="897"/>
				<group id="6"/>
				<group id="366"/>
				<group id="576"/>
				<group id="552"/>
				<group id="551"/>
				<group id="575"/>
				<group id="550"/>
				<group id="554"/>
				<group id="553"/>
				<group id="578"/>
				<group id="556"/>
				<group id="555"/>
				<group id="577"/>
				<group id="557"/>
				<group id="558"/>
				<group id="559"/>
				<group id="580"/>
				<group id="560"/>
				<group id="561"/>
				<group id="579"/>
				<group id="562"/>
				<group id="563"/>
				<group id="564"/>
				<group id="582"/>
				<group id="565"/>
				<group id="566"/>
				<group id="581"/>
				<group id="567"/>
				<group id="568"/>
				<group id="569"/>
				<group id="584"/>
				<group id="570"/>
				<group id="571"/>
				<group id="583"/>
				<group id="572"/>
				<group id="573"/>
				<group id="574"/>
				<group id="593"/>
				<group id="594"/>
				<group id="595"/>
				<group id="596"/>
				<group id="597"/>
				<group id="602"/>
				<group id="603"/>
				<group id="604"/>
				<group id="605"/>
				<group id="606"/>
				<group id="611"/>
				<group id="612"/>
				<group id="613"/>
				<group id="614"/>
				<group id="615"/>
				<group id="620"/>
				<group id="621"/>
				<group id="622"/>
				<group id="623"/>
				<group id="624"/>
				<group id="629"/>
				<group id="630"/>
				<group id="631"/>
				<group id="632"/>
				<group id="633"/>
				<group id="983"/>
				<group id="959"/>
				<group id="982"/>
				<group id="985"/>
				<group id="960"/>
				<group id="984"/>
				<group id="987"/>
				<group id="961"/>
				<group id="986"/>
				<group id="793"/>
				<group id="790"/>
				<group id="794"/>
				<group id="789"/>
				<group id="795"/>
				<group id="791"/>
				<group id="796"/>
				<group id="792"/>
				<group id="797"/>
				<group id="798"/>
				<group id="799"/>
				<group id="800"/>
				<group id="755"/>
				<group id="756"/>
				<group id="757"/>
				<group id="758"/>
				<group id="759"/>
				<group id="760"/>
				<group id="761"/>
				<group id="807"/>
				<group id="808"/>
				<group id="809"/>
				<group id="810"/>
				<group id="811"/>
				<group id="812"/>
				<group id="813"/>
				<group id="814"/>
				<group id="801"/>
				<group id="802"/>
				<group id="803"/>
				<group id="804"/>
				<group id="805"/>
				<group id="806"/>
				<group id="819"/>
				<group id="820"/>
				<group id="821"/>
				<group id="847"/>
				<group id="846"/>
				<group id="845"/>
				<group id="843"/>
				<group id="844"/>
				<group id="848"/>
				<group id="849"/>
				<group id="850"/>
				<group id="851"/>
				<group id="852"/>
				<group id="865"/>
				<group id="866"/>
				<group id="867"/>
				<group id="868"/>
				<group id="861"/>
				<group id="875"/>
				<group id="1056"/>
				<group id="1052"/>
				<group id="1054"/>
				<group id="1053"/>
				<group id="1051"/>
				<group id="383"/>
				<group id="337"/>
				<group id="523"/>
				<group id="520"/>
				<group id="522"/>
				<group id="534"/>
				<group id="527"/>
				<group id="533"/>
				<group id="816"/>
				<group id="817"/>
				<group id="818"/>
				<group id="822"/>
				<group id="823"/>
				<group id="824"/>
				<group id="825"/>
				<group id="826"/>
				<group id="827"/>
				<group id="828"/>
				<group id="829"/>
				<group id="361"/>
				<group id="10"/>
				<group id="1012"/>
				<group id="1005"/>
				<group id="1003"/>
				<group id="365"/>
				<group id="839"/>
				<group id="838"/>
				<group id="439"/>
				<group id="837"/>
				<group id="707"/>
				<group id="449"/>
				<group id="441"/>
				<group id="443"/>
				<group id="430"/>
				<group id="417"/>
				<group id="426"/>
				<group id="15"/>
				<group id="925"/>
				<group id="835"/>
				<group id="836"/>
				<group id="874"/>
				<group id="440"/>
				<group id="444"/>
				<group id="363"/>
				<group id="1106"/>
				<group id="1073"/>
				<group id="988"/>
				<group id="1201"/>
				<group id="1202"/>
				<group id="404"/>
				<group id="397"/>
			</groups>
			<filteredStates>
				<state state="15"/>
				<state state="16"/>
				<state state="14"/>
				<state state="12"/>
				<state state="11"/>
				<state state="21"/>
				<state state="49"/>
				<state state="45"/>
			</filteredStates>
			<ewarFilters/>
		</profile>
		<profile name="★  ━ clear: all ships ━  ">
			<groups>
				<group id="90"/>
				<group id="863"/>
				<group id="864"/>
				<group id="419"/>
				<group id="540"/>
				<group id="324"/>
				<group id="27"/>
				<group id="898"/>
				<group id="883"/>
				<group id="29"/>
				<group id="547"/>
				<group id="906"/>
				<group id="830"/>
				<group id="26"/>
				<group id="420"/>
				<group id="485"/>
				<group id="893"/>
				<group id="381"/>
				<group id="543"/>
				<group id="833"/>
				<group id="513"/>
				<group id="25"/>
				<group id="358"/>
				<group id="894"/>
				<group id="28"/>
				<group id="941"/>
				<group id="831"/>
				<group id="541"/>
				<group id="902"/>
				<group id="832"/>
				<group id="900"/>
				<group id="463"/>
				<group id="1022"/>
				<group id="237"/>
				<group id="31"/>
				<group id="834"/>
				<group id="963"/>
				<group id="659"/>
				<group id="30"/>
				<group id="380"/>
				<group id="1201"/>
				<group id="1202"/>
			</groups>
			<filteredStates>
				<state state="15"/>
				<state state="16"/>
				<state state="14"/>
				<state state="12"/>
				<state state="11"/>
				<state state="21"/>
				<state state="49"/>
				<state state="45"/>
			</filteredStates>
			<ewarFilters/>
		</profile>
		<profile name="★ hostile: antibombers (!)">
			<groups>
				<group id="834"/>
			</groups>
			<filteredStates>
				<state state="15"/>
				<state state="16"/>
				<state state="14"/>
				<state state="12"/>
				<state state="11"/>
				<state state="21"/>
				<state state="49"/>
				<state state="45"/>
			</filteredStates>
			<ewarFilters/>
		</profile>
		<profile name="★ hostile: battlecruisers">
			<groups>
				<group id="90"/>
				<group id="863"/>
				<group id="864"/>
				<group id="419"/>
				<group id="540"/>
				<group id="1201"/>
			</groups>
			<filteredStates>
				<state state="15"/>
				<state state="16"/>
				<state state="14"/>
				<state state="12"/>
				<state state="11"/>
				<state state="21"/>
				<state state="49"/>
				<state state="45"/>
			</filteredStates>
			<ewarFilters/>
		</profile>		
		<profile name="★ hostile: battleships">
			<groups>
				<group id="90"/>
				<group id="863"/>
				<group id="864"/>
				<group id="27"/>
				<group id="898"/>
				<group id="381"/>
				<group id="900"/>
			</groups>
			<filteredStates>
				<state state="15"/>
				<state state="16"/>
				<state state="14"/>
				<state state="12"/>
				<state state="11"/>
				<state state="21"/>
				<state state="49"/>
				<state state="45"/>
			</filteredStates>
			<ewarFilters/>
		</profile>
		<profile name="★ hostile: capital ships">
			<groups>
				<group id="90"/>
				<group id="863"/>
				<group id="864"/>
				<group id="485"/>
				<group id="547"/>
				<group id="659"/>
				<group id="30"/>
			</groups>
			<filteredStates>
				<state state="15"/>
				<state state="16"/>
				<state state="14"/>
				<state state="12"/>
				<state state="11"/>
				<state state="21"/>
				<state state="49"/>
				<state state="45"/>
			</filteredStates>
			<ewarFilters/>
		</profile>
		<profile name="★ hostile: dictors">
			<groups>
				<group id="90"/>
				<group id="863"/>
				<group id="864"/>
				<group id="894"/>
				<group id="541"/>
				<group id="361"/>
				<group id="548"/>
			</groups>
			<filteredStates>
				<state state="15"/>
				<state state="16"/>
				<state state="14"/>
				<state state="12"/>
				<state state="11"/>
				<state state="21"/>
				<state state="49"/>
				<state state="45"/>
			</filteredStates>
			<ewarFilters/>
		</profile>				
		<profile name="★ hostile: drones">
			<groups>
				<group id="90"/>
				<group id="863"/>
				<group id="864"/>
				<group id="544"/>
				<group id="100"/>
				<group id="639"/>
				<group id="1023"/>
				<group id="549"/>
				<group id="640"/>
				<group id="101"/>
				<group id="1159"/>
				<group id="641"/>
			</groups>
			<filteredStates>
				<state state="15"/>
				<state state="16"/>
				<state state="14"/>
				<state state="12"/>
				<state state="11"/>
				<state state="21"/>
				<state state="49"/>
				<state state="45"/>
			</filteredStates>
			<ewarFilters/>
		</profile>
		<profile name="★ hostile: frigates etc.">
			<groups>
				<group id="90"/>
				<group id="863"/>
				<group id="864"/>
				<group id="324"/>
				<group id="29"/>
				<group id="830"/>
				<group id="420"/>
				<group id="893"/>
				<group id="25"/>
				<group id="831"/>
				<group id="541"/>
				<group id="1022"/>
				<group id="237"/>
				<group id="31"/>
				<group id="834"/>
			</groups>
			<filteredStates>
				<state state="15"/>
				<state state="16"/>
				<state state="14"/>
				<state state="12"/>
				<state state="11"/>
				<state state="21"/>
				<state state="49"/>
				<state state="45"/>
			</filteredStates>
			<ewarFilters/>
		</profile>
		<profile name="★ hostile: logistics">
			<groups>
				<group id="90"/>
				<group id="863"/>
				<group id="864"/>
				<group id="832"/>
			</groups>
			<filteredStates>
				<state state="15"/>
				<state state="16"/>
				<state state="14"/>
				<state state="12"/>
				<state state="11"/>
				<state state="21"/>
				<state state="49"/>
				<state state="45"/>
			</filteredStates>
			<ewarFilters/>
		</profile>
		<profile name="★ hostile: recons">
			<groups>
				<group id="90"/>
				<group id="863"/>
				<group id="864"/>
				<group id="906"/>
				<group id="833"/>
			</groups>
			<filteredStates>
				<state state="15"/>
				<state state="16"/>
				<state state="14"/>
				<state state="12"/>
				<state state="11"/>
				<state state="21"/>
				<state state="49"/>
				<state state="45"/>
			</filteredStates>
			<ewarFilters/>
		</profile>
		<profile name="★ hostile: supers &#0038; titans">
			<groups>
				<group id="90"/>
				<group id="863"/>
				<group id="864"/>
				<group id="659"/>
				<group id="30"/>
			</groups>
			<filteredStates>
				<state state="15"/>
				<state state="16"/>
				<state state="14"/>
				<state state="12"/>
				<state state="11"/>
				<state state="21"/>
				<state state="49"/>
				<state state="45"/>
			</filteredStates>
			<ewarFilters/>
		</profile>		
		<profile name="☆  ━━━━ friendly: all ━━━━ ">
			<groups>
				<group id="324"/>
				<group id="419"/>
				<group id="27"/>
				<group id="898"/>
				<group id="883"/>
				<group id="29"/>
				<group id="547"/>
				<group id="906"/>
				<group id="540"/>
				<group id="830"/>
				<group id="26"/>
				<group id="420"/>
				<group id="485"/>
				<group id="893"/>
				<group id="381"/>
				<group id="543"/>
				<group id="833"/>
				<group id="513"/>
				<group id="25"/>
				<group id="358"/>
				<group id="894"/>
				<group id="28"/>
				<group id="941"/>
				<group id="831"/>
				<group id="541"/>
				<group id="902"/>
				<group id="832"/>
				<group id="900"/>
				<group id="463"/>
				<group id="1022"/>
				<group id="237"/>
				<group id="31"/>
				<group id="834"/>
				<group id="963"/>
				<group id="659"/>
				<group id="30"/>
				<group id="380"/>
				<group id="90"/>
				<group id="863"/>
				<group id="864"/>
				<group id="479"/>
				<group id="492"/>
				<group id="548"/>
				<group id="361"/>
				<group id="6"/>
				<group id="1201"/>
				<group id="1202"/>
			</groups>
			<filteredStates>
				<state state="19"/>
				<state state="44"/>
				<state state="13"/>
				<state state="18"/>
				<state state="17"/>
				<state state="21"/>
			</filteredStates>
			<ewarFilters/>
		</profile>		
		<profile name="☆ friendly: capitals">
			<groups>
				<group id="90"/>
				<group id="863"/>
				<group id="864"/>
				<group id="479"/>
				<group id="492"/>
				<group id="548"/>
				<group id="361"/>
				<group id="6"/>
				<group id="30"/>
				<group id="659"/>
				<group id="485"/>
				<group id="883"/>
				<group id="547"/>
			</groups>
			<filteredStates>
				<state state="19"/>
				<state state="44"/>
				<state state="13"/>
				<state state="18"/>
				<state state="17"/>
				<state state="21"/>
			</filteredStates>
			<ewarFilters/>
		</profile>		
		<profile name="☆ friendly: command ships">
			<groups>
				<group id="90"/>
				<group id="863"/>
				<group id="864"/>
				<group id="479"/>
				<group id="492"/>
				<group id="548"/>
				<group id="361"/>
				<group id="6"/>
				<group id="540"/>
				<group id="941"/>
			</groups>
			<filteredStates>
				<state state="19"/>
				<state state="44"/>
				<state state="13"/>
				<state state="18"/>
				<state state="17"/>
				<state state="21"/>
			</filteredStates>
			<ewarFilters/>
		</profile>		
		<profile name="☆ friendly: dictors">
			<groups>
				<group id="90"/>
				<group id="863"/>
				<group id="864"/>
				<group id="479"/>
				<group id="492"/>
				<group id="548"/>
				<group id="361"/>
				<group id="6"/>
				<group id="541"/>
				<group id="894"/>
			</groups>
			<filteredStates>
				<state state="19"/>
				<state state="44"/>
				<state state="13"/>
				<state state="18"/>
				<state state="17"/>
				<state state="21"/>
			</filteredStates>
			<ewarFilters/>
		</profile>
		<profile name="☆ friendly: logistics">
			<groups>
				<group id="90"/>
				<group id="863"/>
				<group id="864"/>
				<group id="479"/>
				<group id="492"/>
				<group id="548"/>
				<group id="361"/>
				<group id="6"/>
				<group id="832"/>
				<group id="547"/>
			</groups>
			<filteredStates>
				<state state="19"/>
				<state state="44"/>
				<state state="13"/>
				<state state="18"/>
				<state state="17"/>
				<state state="21"/>
			</filteredStates>
			<ewarFilters/>
		</profile>
		<profile name="☆ friendly: recons">
			<groups>
				<group id="90"/>
				<group id="863"/>
				<group id="864"/>
				<group id="479"/>
				<group id="492"/>
				<group id="548"/>
				<group id="361"/>
				<group id="6"/>
				<group id="906"/>
				<group id="833"/>
			</groups>
			<filteredStates>
				<state state="19"/>
				<state state="44"/>
				<state state="13"/>
				<state state="18"/>
				<state state="17"/>
				<state state="21"/>
			</filteredStates>
			<ewarFilters/>
		</profile>
		<profile name="&#9992;  ━━━━ basic travel ━━━━ ">
			<groups>
				<group id="90"/>
				<group id="863"/>
				<group id="864"/>
				<group id="479"/>
				<group id="492"/>
				<group id="548"/>
				<group id="310"/>
				<group id="897"/>
				<group id="366"/>
				<group id="10"/>
				<group id="988"/>
				<group id="361"/>
				<group id="707"/>
				<group id="15"/>
				<group id="411"/>
			</groups>
			<filteredStates>
				<state state="15"/>
				<state state="16"/>
				<state state="14"/>
				<state state="12"/>
				<state state="11"/>
				<state state="21"/>
				<state state="49"/>
				<state state="45"/>
			</filteredStates>
			<ewarFilters/>
		</profile>
		<profile name="&#9992; travel: show everything">
			<groups>
				<group id="324"/>
				<group id="419"/>
				<group id="27"/>
				<group id="898"/>
				<group id="883"/>
				<group id="29"/>
				<group id="547"/>
				<group id="906"/>
				<group id="540"/>
				<group id="830"/>
				<group id="26"/>
				<group id="420"/>
				<group id="485"/>
				<group id="893"/>
				<group id="381"/>
				<group id="543"/>
				<group id="833"/>
				<group id="513"/>
				<group id="25"/>
				<group id="358"/>
				<group id="894"/>
				<group id="28"/>
				<group id="941"/>
				<group id="831"/>
				<group id="541"/>
				<group id="902"/>
				<group id="832"/>
				<group id="900"/>
				<group id="463"/>
				<group id="1022"/>
				<group id="237"/>
				<group id="31"/>
				<group id="834"/>
				<group id="963"/>
				<group id="659"/>
				<group id="30"/>
				<group id="380"/>
				<group id="90"/>
				<group id="863"/>
				<group id="864"/>
				<group id="479"/>
				<group id="492"/>
				<group id="548"/>
				<group id="310"/>
				<group id="897"/>
				<group id="6"/>
				<group id="366"/>
				<group id="576"/>
				<group id="552"/>
				<group id="551"/>
				<group id="575"/>
				<group id="550"/>
				<group id="554"/>
				<group id="553"/>
				<group id="578"/>
				<group id="556"/>
				<group id="555"/>
				<group id="577"/>
				<group id="557"/>
				<group id="558"/>
				<group id="559"/>
				<group id="580"/>
				<group id="560"/>
				<group id="561"/>
				<group id="579"/>
				<group id="562"/>
				<group id="563"/>
				<group id="564"/>
				<group id="582"/>
				<group id="565"/>
				<group id="566"/>
				<group id="581"/>
				<group id="567"/>
				<group id="568"/>
				<group id="569"/>
				<group id="584"/>
				<group id="570"/>
				<group id="571"/>
				<group id="583"/>
				<group id="572"/>
				<group id="573"/>
				<group id="574"/>
				<group id="593"/>
				<group id="594"/>
				<group id="595"/>
				<group id="596"/>
				<group id="597"/>
				<group id="602"/>
				<group id="603"/>
				<group id="604"/>
				<group id="605"/>
				<group id="606"/>
				<group id="611"/>
				<group id="612"/>
				<group id="613"/>
				<group id="614"/>
				<group id="615"/>
				<group id="620"/>
				<group id="621"/>
				<group id="622"/>
				<group id="623"/>
				<group id="624"/>
				<group id="629"/>
				<group id="630"/>
				<group id="631"/>
				<group id="632"/>
				<group id="633"/>
				<group id="983"/>
				<group id="959"/>
				<group id="982"/>
				<group id="985"/>
				<group id="960"/>
				<group id="984"/>
				<group id="987"/>
				<group id="961"/>
				<group id="986"/>
				<group id="793"/>
				<group id="790"/>
				<group id="794"/>
				<group id="789"/>
				<group id="795"/>
				<group id="791"/>
				<group id="796"/>
				<group id="792"/>
				<group id="797"/>
				<group id="798"/>
				<group id="799"/>
				<group id="800"/>
				<group id="755"/>
				<group id="756"/>
				<group id="757"/>
				<group id="758"/>
				<group id="759"/>
				<group id="760"/>
				<group id="761"/>
				<group id="807"/>
				<group id="808"/>
				<group id="809"/>
				<group id="810"/>
				<group id="811"/>
				<group id="812"/>
				<group id="813"/>
				<group id="814"/>
				<group id="801"/>
				<group id="802"/>
				<group id="803"/>
				<group id="804"/>
				<group id="805"/>
				<group id="806"/>
				<group id="819"/>
				<group id="820"/>
				<group id="821"/>
				<group id="847"/>
				<group id="846"/>
				<group id="845"/>
				<group id="843"/>
				<group id="844"/>
				<group id="848"/>
				<group id="849"/>
				<group id="850"/>
				<group id="851"/>
				<group id="852"/>
				<group id="865"/>
				<group id="866"/>
				<group id="867"/>
				<group id="868"/>
				<group id="861"/>
				<group id="875"/>
				<group id="1056"/>
				<group id="1052"/>
				<group id="1054"/>
				<group id="1053"/>
				<group id="1051"/>
				<group id="10"/>
				<group id="988"/>
				<group id="361"/>
				<group id="707"/>
				<group id="15"/>
				<group id="7"/>
				<group id="365"/>
				<group id="411"/>
				<group id="1201"/>
				<group id="1202"/>
			</groups>
			<filteredStates>
				<state state="15"/>
				<state state="16"/>
				<state state="14"/>
				<state state="12"/>
				<state state="11"/>
				<state state="21"/>
				<state state="49"/>
				<state state="45"/>
			</filteredStates>
			<ewarFilters/>
		</profile>				
		<profile name="&#9992; travel: hide stations">
			<groups>
				<group id="90"/>
				<group id="863"/>
				<group id="864"/>
				<group id="479"/>
				<group id="492"/>
				<group id="548"/>
				<group id="310"/>
				<group id="897"/>
				<group id="366"/>
				<group id="10"/>
				<group id="988"/>
				<group id="361"/>
				<group id="707"/>
				<group id="411"/>
			</groups>
			<filteredStates>
				<state state="15"/>
				<state state="16"/>
				<state state="14"/>
				<state state="12"/>
				<state state="11"/>
				<state state="21"/>
				<state state="49"/>
				<state state="45"/>
			</filteredStates>
			<ewarFilters/>
		</profile>		
		<profile name="&#10010;  ━━━━ normal pve ━━━━ ">
			<groups>
				<group id="324"/>
				<group id="419"/>
				<group id="27"/>
				<group id="898"/>
				<group id="883"/>
				<group id="29"/>
				<group id="547"/>
				<group id="906"/>
				<group id="540"/>
				<group id="830"/>
				<group id="26"/>
				<group id="420"/>
				<group id="485"/>
				<group id="893"/>
				<group id="381"/>
				<group id="543"/>
				<group id="833"/>
				<group id="513"/>
				<group id="25"/>
				<group id="358"/>
				<group id="894"/>
				<group id="28"/>
				<group id="941"/>
				<group id="831"/>
				<group id="541"/>
				<group id="902"/>
				<group id="832"/>
				<group id="900"/>
				<group id="463"/>
				<group id="659"/>
				<group id="237"/>
				<group id="31"/>
				<group id="834"/>
				<group id="30"/>
				<group id="380"/>
				<group id="335"/>
				<group id="10"/>
				<group id="361"/>
				<group id="310"/>
				<group id="897"/>
				<group id="963"/>
				<group id="863"/>
				<group id="864"/>
				<group id="1004"/>
				<group id="366"/>
				<group id="988"/>
				<group id="1022"/>
				<group id="337"/>
				<group id="523"/>
				<group id="520"/>
				<group id="522"/>
				<group id="534"/>
				<group id="527"/>
				<group id="533"/>
				<group id="816"/>
				<group id="817"/>
				<group id="818"/>
				<group id="822"/>
				<group id="823"/>
				<group id="824"/>
				<group id="825"/>
				<group id="826"/>
				<group id="827"/>
				<group id="828"/>
				<group id="829"/>
				<group id="666"/>
				<group id="667"/>
				<group id="668"/>
				<group id="669"/>
				<group id="665"/>
				<group id="670"/>
				<group id="672"/>
				<group id="674"/>
				<group id="673"/>
				<group id="676"/>
				<group id="671"/>
				<group id="675"/>
				<group id="696"/>
				<group id="697"/>
				<group id="695"/>
				<group id="694"/>
				<group id="435"/>
				<group id="383"/>
				<group id="693"/>
				<group id="698"/>
				<group id="952"/>
				<group id="924"/>
				<group id="1006"/>
				<group id="1007"/>
				<group id="927"/>
				<group id="681"/>
				<group id="680"/>
				<group id="678"/>
				<group id="677"/>
				<group id="679"/>
				<group id="682"/>
				<group id="690"/>
				<group id="691"/>
				<group id="689"/>
				<group id="688"/>
				<group id="687"/>
				<group id="685"/>
				<group id="692"/>
				<group id="706"/>
				<group id="705"/>
				<group id="684"/>
				<group id="683"/>
				<group id="686"/>
				<group id="702"/>
				<group id="703"/>
				<group id="701"/>
				<group id="699"/>
				<group id="700"/>
				<group id="185"/>
				<group id="704"/>
				<group id="287"/>
				<group id="180"/>
				<group id="286"/>
				<group id="934"/>
				<group id="496"/>
				<group id="495"/>
				<group id="494"/>
				<group id="479"/>
				<group id="492"/>
				<group id="548"/>
				<group id="90"/>
				<group id="922"/>
				<group id="306"/>
				<group id="649"/>
				<group id="576"/>
				<group id="552"/>
				<group id="551"/>
				<group id="575"/>
				<group id="550"/>
				<group id="554"/>
				<group id="553"/>
				<group id="578"/>
				<group id="556"/>
				<group id="555"/>
				<group id="577"/>
				<group id="557"/>
				<group id="558"/>
				<group id="559"/>
				<group id="580"/>
				<group id="560"/>
				<group id="561"/>
				<group id="579"/>
				<group id="562"/>
				<group id="563"/>
				<group id="564"/>
				<group id="582"/>
				<group id="565"/>
				<group id="566"/>
				<group id="581"/>
				<group id="567"/>
				<group id="568"/>
				<group id="569"/>
				<group id="584"/>
				<group id="570"/>
				<group id="571"/>
				<group id="583"/>
				<group id="572"/>
				<group id="573"/>
				<group id="574"/>
				<group id="593"/>
				<group id="594"/>
				<group id="595"/>
				<group id="596"/>
				<group id="597"/>
				<group id="602"/>
				<group id="603"/>
				<group id="604"/>
				<group id="605"/>
				<group id="606"/>
				<group id="611"/>
				<group id="612"/>
				<group id="613"/>
				<group id="614"/>
				<group id="615"/>
				<group id="620"/>
				<group id="621"/>
				<group id="622"/>
				<group id="623"/>
				<group id="624"/>
				<group id="629"/>
				<group id="630"/>
				<group id="631"/>
				<group id="632"/>
				<group id="633"/>
				<group id="983"/>
				<group id="959"/>
				<group id="982"/>
				<group id="985"/>
				<group id="960"/>
				<group id="984"/>
				<group id="987"/>
				<group id="961"/>
				<group id="986"/>
				<group id="793"/>
				<group id="790"/>
				<group id="794"/>
				<group id="789"/>
				<group id="795"/>
				<group id="791"/>
				<group id="796"/>
				<group id="792"/>
				<group id="797"/>
				<group id="798"/>
				<group id="799"/>
				<group id="800"/>
				<group id="755"/>
				<group id="756"/>
				<group id="757"/>
				<group id="758"/>
				<group id="759"/>
				<group id="760"/>
				<group id="761"/>
				<group id="807"/>
				<group id="808"/>
				<group id="809"/>
				<group id="810"/>
				<group id="811"/>
				<group id="812"/>
				<group id="813"/>
				<group id="814"/>
				<group id="801"/>
				<group id="802"/>
				<group id="803"/>
				<group id="804"/>
				<group id="805"/>
				<group id="806"/>
				<group id="819"/>
				<group id="820"/>
				<group id="821"/>
				<group id="847"/>
				<group id="846"/>
				<group id="845"/>
				<group id="843"/>
				<group id="844"/>
				<group id="848"/>
				<group id="849"/>
				<group id="850"/>
				<group id="851"/>
				<group id="852"/>
				<group id="865"/>
				<group id="866"/>
				<group id="867"/>
				<group id="868"/>
				<group id="861"/>
				<group id="875"/>
				<group id="1056"/>
				<group id="1052"/>
				<group id="1054"/>
				<group id="1053"/>
				<group id="1051"/>
				<group id="6"/>
				<group id="517"/>
				<group id="226"/>
				<group id="1023"/>
				<group id="549"/>
				<group id="99"/>
				<group id="1082"/>
				<group id="1081"/>
				<group id="319"/>
				<group id="639"/>
				<group id="641"/>
				<group id="279"/>
				<group id="12"/>
				<group id="707"/>
				<group id="15"/>
				<group id="1201"/>
				<group id="1202"/>
			</groups>
			<filteredStates>
				<state state="11"/>
			</filteredStates>
			<ewarFilters/>
		</profile>
		<profile name="&#10010;	pve: anoms/ratting">
			<groups>
				<group id="324"/>
				<group id="419"/>
				<group id="27"/>
				<group id="898"/>
				<group id="883"/>
				<group id="29"/>
				<group id="547"/>
				<group id="906"/>
				<group id="540"/>
				<group id="830"/>
				<group id="26"/>
				<group id="420"/>
				<group id="485"/>
				<group id="893"/>
				<group id="381"/>
				<group id="543"/>
				<group id="833"/>
				<group id="513"/>
				<group id="25"/>
				<group id="358"/>
				<group id="894"/>
				<group id="28"/>
				<group id="941"/>
				<group id="831"/>
				<group id="541"/>
				<group id="902"/>
				<group id="832"/>
				<group id="900"/>
				<group id="463"/>
				<group id="659"/>
				<group id="237"/>
				<group id="31"/>
				<group id="834"/>
				<group id="30"/>
				<group id="380"/>
				<group id="335"/>
				<group id="10"/>
				<group id="361"/>
				<group id="310"/>
				<group id="897"/>
				<group id="963"/>
				<group id="863"/>
				<group id="864"/>
				<group id="1004"/>
				<group id="366"/>
				<group id="988"/>
				<group id="1022"/>
				<group id="337"/>
				<group id="523"/>
				<group id="520"/>
				<group id="522"/>
				<group id="534"/>
				<group id="527"/>
				<group id="533"/>
				<group id="816"/>
				<group id="817"/>
				<group id="818"/>
				<group id="822"/>
				<group id="823"/>
				<group id="824"/>
				<group id="825"/>
				<group id="826"/>
				<group id="827"/>
				<group id="828"/>
				<group id="829"/>
				<group id="666"/>
				<group id="667"/>
				<group id="668"/>
				<group id="669"/>
				<group id="665"/>
				<group id="670"/>
				<group id="672"/>
				<group id="674"/>
				<group id="673"/>
				<group id="676"/>
				<group id="671"/>
				<group id="675"/>
				<group id="696"/>
				<group id="697"/>
				<group id="695"/>
				<group id="694"/>
				<group id="435"/>
				<group id="383"/>
				<group id="693"/>
				<group id="698"/>
				<group id="952"/>
				<group id="924"/>
				<group id="1006"/>
				<group id="1007"/>
				<group id="927"/>
				<group id="681"/>
				<group id="680"/>
				<group id="678"/>
				<group id="677"/>
				<group id="679"/>
				<group id="682"/>
				<group id="690"/>
				<group id="691"/>
				<group id="689"/>
				<group id="688"/>
				<group id="687"/>
				<group id="685"/>
				<group id="692"/>
				<group id="706"/>
				<group id="705"/>
				<group id="684"/>
				<group id="683"/>
				<group id="686"/>
				<group id="702"/>
				<group id="703"/>
				<group id="701"/>
				<group id="699"/>
				<group id="700"/>
				<group id="185"/>
				<group id="704"/>
				<group id="287"/>
				<group id="180"/>
				<group id="934"/>
				<group id="496"/>
				<group id="495"/>
				<group id="494"/>
				<group id="479"/>
				<group id="492"/>
				<group id="548"/>
				<group id="90"/>
				<group id="922"/>
				<group id="306"/>
				<group id="576"/>
				<group id="552"/>
				<group id="551"/>
				<group id="575"/>
				<group id="550"/>
				<group id="554"/>
				<group id="553"/>
				<group id="578"/>
				<group id="556"/>
				<group id="555"/>
				<group id="577"/>
				<group id="557"/>
				<group id="558"/>
				<group id="559"/>
				<group id="580"/>
				<group id="560"/>
				<group id="561"/>
				<group id="579"/>
				<group id="562"/>
				<group id="563"/>
				<group id="564"/>
				<group id="582"/>
				<group id="565"/>
				<group id="566"/>
				<group id="581"/>
				<group id="567"/>
				<group id="568"/>
				<group id="569"/>
				<group id="584"/>
				<group id="570"/>
				<group id="571"/>
				<group id="583"/>
				<group id="572"/>
				<group id="573"/>
				<group id="574"/>
				<group id="593"/>
				<group id="594"/>
				<group id="595"/>
				<group id="596"/>
				<group id="597"/>
				<group id="602"/>
				<group id="603"/>
				<group id="604"/>
				<group id="605"/>
				<group id="606"/>
				<group id="611"/>
				<group id="612"/>
				<group id="613"/>
				<group id="614"/>
				<group id="615"/>
				<group id="620"/>
				<group id="621"/>
				<group id="622"/>
				<group id="623"/>
				<group id="624"/>
				<group id="629"/>
				<group id="630"/>
				<group id="631"/>
				<group id="632"/>
				<group id="633"/>
				<group id="983"/>
				<group id="959"/>
				<group id="982"/>
				<group id="985"/>
				<group id="960"/>
				<group id="984"/>
				<group id="987"/>
				<group id="961"/>
				<group id="986"/>
				<group id="793"/>
				<group id="790"/>
				<group id="794"/>
				<group id="789"/>
				<group id="795"/>
				<group id="791"/>
				<group id="796"/>
				<group id="792"/>
				<group id="797"/>
				<group id="798"/>
				<group id="799"/>
				<group id="800"/>
				<group id="755"/>
				<group id="756"/>
				<group id="757"/>
				<group id="758"/>
				<group id="759"/>
				<group id="760"/>
				<group id="761"/>
				<group id="807"/>
				<group id="808"/>
				<group id="809"/>
				<group id="810"/>
				<group id="811"/>
				<group id="812"/>
				<group id="813"/>
				<group id="814"/>
				<group id="801"/>
				<group id="802"/>
				<group id="803"/>
				<group id="804"/>
				<group id="805"/>
				<group id="806"/>
				<group id="819"/>
				<group id="820"/>
				<group id="821"/>
				<group id="847"/>
				<group id="846"/>
				<group id="845"/>
				<group id="843"/>
				<group id="844"/>
				<group id="848"/>
				<group id="849"/>
				<group id="850"/>
				<group id="851"/>
				<group id="852"/>
				<group id="865"/>
				<group id="866"/>
				<group id="867"/>
				<group id="868"/>
				<group id="861"/>
				<group id="875"/>
				<group id="1056"/>
				<group id="1052"/>
				<group id="1054"/>
				<group id="1053"/>
				<group id="1051"/>
				<group id="6"/>
				<group id="1023"/>
				<group id="549"/>
				<group id="99"/>
				<group id="1082"/>
				<group id="1081"/>
				<group id="639"/>
				<group id="641"/>
				<group id="279"/>
				<group id="12"/>
				<group id="707"/>
				<group id="15"/>
				<group id="1201"/>
				<group id="1202"/>
			</groups>
			<filteredStates>
				<state state="11"/>
			</filteredStates>
			<ewarFilters/>
		</profile>
		<profile name="&#10010;	pve: mining">
			<groups>
				<group id="324"/>
				<group id="419"/>
				<group id="27"/>
				<group id="898"/>
				<group id="883"/>
				<group id="29"/>
				<group id="547"/>
				<group id="906"/>
				<group id="540"/>
				<group id="830"/>
				<group id="26"/>
				<group id="420"/>
				<group id="485"/>
				<group id="893"/>
				<group id="381"/>
				<group id="543"/>
				<group id="833"/>
				<group id="513"/>
				<group id="25"/>
				<group id="358"/>
				<group id="894"/>
				<group id="28"/>
				<group id="941"/>
				<group id="831"/>
				<group id="541"/>
				<group id="902"/>
				<group id="832"/>
				<group id="900"/>
				<group id="463"/>
				<group id="659"/>
				<group id="237"/>
				<group id="31"/>
				<group id="834"/>
				<group id="30"/>
				<group id="380"/>
				<group id="335"/>
				<group id="10"/>
				<group id="361"/>
				<group id="897"/>
				<group id="963"/>
				<group id="863"/>
				<group id="864"/>
				<group id="1004"/>
				<group id="366"/>
				<group id="988"/>
				<group id="1022"/>
				<group id="337"/>
				<group id="523"/>
				<group id="520"/>
				<group id="522"/>
				<group id="534"/>
				<group id="527"/>
				<group id="533"/>
				<group id="816"/>
				<group id="817"/>
				<group id="818"/>
				<group id="822"/>
				<group id="823"/>
				<group id="824"/>
				<group id="825"/>
				<group id="826"/>
				<group id="827"/>
				<group id="828"/>
				<group id="829"/>
				<group id="666"/>
				<group id="667"/>
				<group id="668"/>
				<group id="669"/>
				<group id="665"/>
				<group id="670"/>
				<group id="672"/>
				<group id="674"/>
				<group id="673"/>
				<group id="676"/>
				<group id="671"/>
				<group id="675"/>
				<group id="696"/>
				<group id="697"/>
				<group id="695"/>
				<group id="694"/>
				<group id="435"/>
				<group id="693"/>
				<group id="698"/>
				<group id="952"/>
				<group id="924"/>
				<group id="1006"/>
				<group id="1007"/>
				<group id="927"/>
				<group id="681"/>
				<group id="680"/>
				<group id="678"/>
				<group id="677"/>
				<group id="679"/>
				<group id="682"/>
				<group id="690"/>
				<group id="691"/>
				<group id="689"/>
				<group id="688"/>
				<group id="687"/>
				<group id="685"/>
				<group id="692"/>
				<group id="706"/>
				<group id="705"/>
				<group id="684"/>
				<group id="683"/>
				<group id="686"/>
				<group id="702"/>
				<group id="703"/>
				<group id="701"/>
				<group id="699"/>
				<group id="700"/>
				<group id="185"/>
				<group id="704"/>
				<group id="287"/>
				<group id="934"/>
				<group id="479"/>
				<group id="492"/>
				<group id="548"/>
				<group id="90"/>
				<group id="306"/>
				<group id="649"/>
				<group id="576"/>
				<group id="552"/>
				<group id="551"/>
				<group id="575"/>
				<group id="550"/>
				<group id="554"/>
				<group id="553"/>
				<group id="578"/>
				<group id="556"/>
				<group id="555"/>
				<group id="577"/>
				<group id="557"/>
				<group id="558"/>
				<group id="559"/>
				<group id="580"/>
				<group id="560"/>
				<group id="561"/>
				<group id="579"/>
				<group id="562"/>
				<group id="563"/>
				<group id="564"/>
				<group id="582"/>
				<group id="565"/>
				<group id="566"/>
				<group id="581"/>
				<group id="567"/>
				<group id="568"/>
				<group id="569"/>
				<group id="584"/>
				<group id="570"/>
				<group id="571"/>
				<group id="583"/>
				<group id="572"/>
				<group id="573"/>
				<group id="574"/>
				<group id="593"/>
				<group id="594"/>
				<group id="595"/>
				<group id="596"/>
				<group id="597"/>
				<group id="602"/>
				<group id="603"/>
				<group id="604"/>
				<group id="605"/>
				<group id="606"/>
				<group id="611"/>
				<group id="612"/>
				<group id="613"/>
				<group id="614"/>
				<group id="615"/>
				<group id="620"/>
				<group id="621"/>
				<group id="622"/>
				<group id="623"/>
				<group id="624"/>
				<group id="629"/>
				<group id="630"/>
				<group id="631"/>
				<group id="632"/>
				<group id="633"/>
				<group id="983"/>
				<group id="959"/>
				<group id="982"/>
				<group id="985"/>
				<group id="960"/>
				<group id="984"/>
				<group id="987"/>
				<group id="961"/>
				<group id="986"/>
				<group id="793"/>
				<group id="790"/>
				<group id="794"/>
				<group id="789"/>
				<group id="795"/>
				<group id="791"/>
				<group id="796"/>
				<group id="792"/>
				<group id="797"/>
				<group id="798"/>
				<group id="799"/>
				<group id="800"/>
				<group id="755"/>
				<group id="756"/>
				<group id="757"/>
				<group id="758"/>
				<group id="759"/>
				<group id="760"/>
				<group id="761"/>
				<group id="807"/>
				<group id="808"/>
				<group id="809"/>
				<group id="810"/>
				<group id="811"/>
				<group id="812"/>
				<group id="813"/>
				<group id="814"/>
				<group id="801"/>
				<group id="802"/>
				<group id="803"/>
				<group id="804"/>
				<group id="805"/>
				<group id="806"/>
				<group id="819"/>
				<group id="820"/>
				<group id="821"/>
				<group id="847"/>
				<group id="846"/>
				<group id="845"/>
				<group id="843"/>
				<group id="844"/>
				<group id="848"/>
				<group id="849"/>
				<group id="850"/>
				<group id="851"/>
				<group id="852"/>
				<group id="865"/>
				<group id="866"/>
				<group id="867"/>
				<group id="868"/>
				<group id="861"/>
				<group id="875"/>
				<group id="1056"/>
				<group id="1052"/>
				<group id="1054"/>
				<group id="1053"/>
				<group id="1051"/>
				<group id="6"/>
				<group id="1023"/>
				<group id="549"/>
				<group id="1082"/>
				<group id="1081"/>
				<group id="9"/>
				<group id="450"/>
				<group id="451"/>
				<group id="452"/>
				<group id="453"/>
				<group id="467"/>
				<group id="454"/>
				<group id="455"/>
				<group id="465"/>
				<group id="456"/>
				<group id="457"/>
				<group id="468"/>
				<group id="469"/>
				<group id="458"/>
				<group id="459"/>
				<group id="460"/>
				<group id="461"/>
				<group id="462"/>
				<group id="12"/>
				<group id="1201"/>
				<group id="1202"/>
				<group id="340"/>
				<group id="101"/>
				<group id="1159"/>
				<group id="100"/>
				<group id="1183"/>
				<group id="1179"/>
				<group id="1175"/>
				<group id="1169"/>
				<group id="1184"/>
				<group id="1180"/>
				<group id="1176"/>
				<group id="1167"/>
				<group id="1185"/>
				<group id="1181"/>
				<group id="1177"/>
				<group id="1168"/>
				<group id="1186"/>
				<group id="1182"/>
				<group id="1178"/>
				<group id="1166"/>
				<group id="15"/>
				<group id="365"/>
				<group id="711"/>
			</groups>
			<filteredStates/>
			<ewarFilters/>
		</profile>		
		<profile name="&#10010;	pve: show drones">
			<groups>
				<group id="324"/>
				<group id="419"/>
				<group id="27"/>
				<group id="898"/>
				<group id="883"/>
				<group id="29"/>
				<group id="547"/>
				<group id="906"/>
				<group id="540"/>
				<group id="830"/>
				<group id="26"/>
				<group id="420"/>
				<group id="485"/>
				<group id="893"/>
				<group id="381"/>
				<group id="543"/>
				<group id="833"/>
				<group id="513"/>
				<group id="25"/>
				<group id="358"/>
				<group id="894"/>
				<group id="28"/>
				<group id="941"/>
				<group id="831"/>
				<group id="541"/>
				<group id="902"/>
				<group id="832"/>
				<group id="900"/>
				<group id="463"/>
				<group id="659"/>
				<group id="237"/>
				<group id="31"/>
				<group id="834"/>
				<group id="30"/>
				<group id="380"/>
				<group id="335"/>
				<group id="10"/>
				<group id="361"/>
				<group id="310"/>
				<group id="897"/>
				<group id="963"/>
				<group id="863"/>
				<group id="864"/>
				<group id="1004"/>
				<group id="366"/>
				<group id="988"/>
				<group id="1022"/>
				<group id="337"/>
				<group id="523"/>
				<group id="520"/>
				<group id="522"/>
				<group id="534"/>
				<group id="527"/>
				<group id="533"/>
				<group id="816"/>
				<group id="817"/>
				<group id="818"/>
				<group id="822"/>
				<group id="823"/>
				<group id="824"/>
				<group id="825"/>
				<group id="826"/>
				<group id="827"/>
				<group id="828"/>
				<group id="829"/>
				<group id="666"/>
				<group id="667"/>
				<group id="668"/>
				<group id="669"/>
				<group id="665"/>
				<group id="670"/>
				<group id="672"/>
				<group id="674"/>
				<group id="673"/>
				<group id="676"/>
				<group id="671"/>
				<group id="675"/>
				<group id="696"/>
				<group id="697"/>
				<group id="695"/>
				<group id="694"/>
				<group id="435"/>
				<group id="383"/>
				<group id="693"/>
				<group id="698"/>
				<group id="952"/>
				<group id="924"/>
				<group id="1006"/>
				<group id="1007"/>
				<group id="927"/>
				<group id="681"/>
				<group id="680"/>
				<group id="678"/>
				<group id="677"/>
				<group id="679"/>
				<group id="682"/>
				<group id="690"/>
				<group id="691"/>
				<group id="689"/>
				<group id="688"/>
				<group id="687"/>
				<group id="685"/>
				<group id="692"/>
				<group id="706"/>
				<group id="705"/>
				<group id="684"/>
				<group id="683"/>
				<group id="686"/>
				<group id="702"/>
				<group id="703"/>
				<group id="701"/>
				<group id="699"/>
				<group id="700"/>
				<group id="185"/>
				<group id="704"/>
				<group id="287"/>
				<group id="180"/>
				<group id="286"/>
				<group id="934"/>
				<group id="496"/>
				<group id="495"/>
				<group id="494"/>
				<group id="479"/>
				<group id="492"/>
				<group id="548"/>
				<group id="90"/>
				<group id="922"/>
				<group id="306"/>
				<group id="649"/>
				<group id="576"/>
				<group id="552"/>
				<group id="551"/>
				<group id="575"/>
				<group id="550"/>
				<group id="554"/>
				<group id="553"/>
				<group id="578"/>
				<group id="556"/>
				<group id="555"/>
				<group id="577"/>
				<group id="557"/>
				<group id="558"/>
				<group id="559"/>
				<group id="580"/>
				<group id="560"/>
				<group id="561"/>
				<group id="579"/>
				<group id="562"/>
				<group id="563"/>
				<group id="564"/>
				<group id="582"/>
				<group id="565"/>
				<group id="566"/>
				<group id="581"/>
				<group id="567"/>
				<group id="568"/>
				<group id="569"/>
				<group id="584"/>
				<group id="570"/>
				<group id="571"/>
				<group id="583"/>
				<group id="572"/>
				<group id="573"/>
				<group id="574"/>
				<group id="593"/>
				<group id="594"/>
				<group id="595"/>
				<group id="596"/>
				<group id="597"/>
				<group id="602"/>
				<group id="603"/>
				<group id="604"/>
				<group id="605"/>
				<group id="606"/>
				<group id="611"/>
				<group id="612"/>
				<group id="613"/>
				<group id="614"/>
				<group id="615"/>
				<group id="620"/>
				<group id="621"/>
				<group id="622"/>
				<group id="623"/>
				<group id="624"/>
				<group id="629"/>
				<group id="630"/>
				<group id="631"/>
				<group id="632"/>
				<group id="633"/>
				<group id="983"/>
				<group id="959"/>
				<group id="982"/>
				<group id="985"/>
				<group id="960"/>
				<group id="984"/>
				<group id="987"/>
				<group id="961"/>
				<group id="986"/>
				<group id="793"/>
				<group id="790"/>
				<group id="794"/>
				<group id="789"/>
				<group id="795"/>
				<group id="791"/>
				<group id="796"/>
				<group id="792"/>
				<group id="797"/>
				<group id="798"/>
				<group id="799"/>
				<group id="800"/>
				<group id="755"/>
				<group id="756"/>
				<group id="757"/>
				<group id="758"/>
				<group id="759"/>
				<group id="760"/>
				<group id="761"/>
				<group id="807"/>
				<group id="808"/>
				<group id="809"/>
				<group id="810"/>
				<group id="811"/>
				<group id="812"/>
				<group id="813"/>
				<group id="814"/>
				<group id="801"/>
				<group id="802"/>
				<group id="803"/>
				<group id="804"/>
				<group id="805"/>
				<group id="806"/>
				<group id="819"/>
				<group id="820"/>
				<group id="821"/>
				<group id="847"/>
				<group id="846"/>
				<group id="845"/>
				<group id="843"/>
				<group id="844"/>
				<group id="848"/>
				<group id="849"/>
				<group id="850"/>
				<group id="851"/>
				<group id="852"/>
				<group id="865"/>
				<group id="866"/>
				<group id="867"/>
				<group id="868"/>
				<group id="861"/>
				<group id="875"/>
				<group id="1056"/>
				<group id="1052"/>
				<group id="1054"/>
				<group id="1053"/>
				<group id="1051"/>
				<group id="6"/>
				<group id="517"/>
				<group id="226"/>
				<group id="1023"/>
				<group id="549"/>
				<group id="99"/>
				<group id="1082"/>
				<group id="1081"/>
				<group id="319"/>
				<group id="639"/>
				<group id="641"/>
				<group id="279"/>
				<group id="544"/>
				<group id="100"/>
				<group id="640"/>
				<group id="101"/>
				<group id="707"/>
				<group id="15"/>
				<group id="1201"/>
				<group id="1202"/>
			</groups>
			<filteredStates>
				<state state="11"/>
			</filteredStates>
			<ewarFilters/>
		</profile>		
		<profile name="&#10019;  ━━━━ dscan: ships ━━━━ ">
			<groups>
				<group id="361"/>
				<group id="324"/>
				<group id="419"/>
				<group id="27"/>
				<group id="898"/>
				<group id="883"/>
				<group id="29"/>
				<group id="547"/>
				<group id="906"/>
				<group id="540"/>
				<group id="830"/>
				<group id="26"/>
				<group id="420"/>
				<group id="485"/>
				<group id="893"/>
				<group id="381"/>
				<group id="543"/>
				<group id="833"/>
				<group id="513"/>
				<group id="25"/>
				<group id="358"/>
				<group id="894"/>
				<group id="28"/>
				<group id="941"/>
				<group id="831"/>
				<group id="541"/>
				<group id="902"/>
				<group id="832"/>
				<group id="900"/>
				<group id="463"/>
				<group id="1022"/>
				<group id="237"/>
				<group id="31"/>
				<group id="834"/>
				<group id="963"/>
				<group id="659"/>
				<group id="30"/>
				<group id="380"/>
				<group id="479"/>
				<group id="548"/>
				<group id="1201"/>
				<group id="1202"/>
			</groups>
			<filteredStates/>
			<ewarFilters/>
		</profile>
		<profile name="&#10019; dscan : pos">
			<groups>
				<group id="450"/>
				<group id="451"/>
				<group id="452"/>
				<group id="453"/>
				<group id="467"/>
				<group id="454"/>
				<group id="455"/>
				<group id="465"/>
				<group id="456"/>
				<group id="457"/>
				<group id="468"/>
				<group id="469"/>
				<group id="458"/>
				<group id="459"/>
				<group id="460"/>
				<group id="461"/>
				<group id="462"/>
				<group id="517"/>
				<group id="448"/>
				<group id="310"/>
				<group id="307"/>
				<group id="897"/>
				<group id="874"/>
				<group id="920"/>
				<group id="649"/>
				<group id="711"/>
				<group id="318"/>
				<group id="226"/>
				<group id="336"/>
				<group id="836"/>
				<group id="835"/>
				<group id="6"/>
				<group id="366"/>
				<group id="988"/>
				<group id="90"/>
				<group id="863"/>
				<group id="864"/>
				<group id="479"/>
				<group id="492"/>
				<group id="548"/>
				<group id="361"/>
				<group id="544"/>
				<group id="639"/>
				<group id="1023"/>
				<group id="549"/>
				<group id="640"/>
				<group id="101"/>
				<group id="641"/>
				<group id="323"/>
				<group id="922"/>
				<group id="925"/>
				<group id="297"/>
				<group id="298"/>
				<group id="435"/>
				<group id="496"/>
				<group id="495"/>
				<group id="494"/>
				<group id="715"/>
				<group id="383"/>
				<group id="784"/>
				<group id="319"/>
				<group id="279"/>
				<group id="666"/>
				<group id="667"/>
				<group id="668"/>
				<group id="669"/>
				<group id="665"/>
				<group id="670"/>
				<group id="672"/>
				<group id="674"/>
				<group id="673"/>
				<group id="676"/>
				<group id="671"/>
				<group id="675"/>
				<group id="696"/>
				<group id="697"/>
				<group id="695"/>
				<group id="694"/>
				<group id="693"/>
				<group id="698"/>
				<group id="952"/>
				<group id="924"/>
				<group id="1006"/>
				<group id="1007"/>
				<group id="927"/>
				<group id="681"/>
				<group id="680"/>
				<group id="678"/>
				<group id="679"/>
				<group id="677"/>
				<group id="682"/>
				<group id="690"/>
				<group id="691"/>
				<group id="689"/>
				<group id="688"/>
				<group id="687"/>
				<group id="692"/>
				<group id="685"/>
				<group id="706"/>
				<group id="705"/>
				<group id="684"/>
				<group id="683"/>
				<group id="686"/>
				<group id="702"/>
				<group id="703"/>
				<group id="701"/>
				<group id="700"/>
				<group id="699"/>
				<group id="704"/>
				<group id="185"/>
				<group id="180"/>
				<group id="287"/>
				<group id="99"/>
				<group id="306"/>
				<group id="286"/>
				<group id="576"/>
				<group id="552"/>
				<group id="551"/>
				<group id="575"/>
				<group id="550"/>
				<group id="554"/>
				<group id="553"/>
				<group id="578"/>
				<group id="556"/>
				<group id="555"/>
				<group id="577"/>
				<group id="557"/>
				<group id="558"/>
				<group id="559"/>
				<group id="580"/>
				<group id="560"/>
				<group id="561"/>
				<group id="579"/>
				<group id="562"/>
				<group id="563"/>
				<group id="564"/>
				<group id="582"/>
				<group id="565"/>
				<group id="566"/>
				<group id="581"/>
				<group id="567"/>
				<group id="568"/>
				<group id="569"/>
				<group id="584"/>
				<group id="570"/>
				<group id="571"/>
				<group id="583"/>
				<group id="572"/>
				<group id="573"/>
				<group id="574"/>
				<group id="593"/>
				<group id="594"/>
				<group id="595"/>
				<group id="596"/>
				<group id="597"/>
				<group id="602"/>
				<group id="603"/>
				<group id="604"/>
				<group id="605"/>
				<group id="606"/>
				<group id="611"/>
				<group id="612"/>
				<group id="613"/>
				<group id="614"/>
				<group id="615"/>
				<group id="620"/>
				<group id="621"/>
				<group id="622"/>
				<group id="623"/>
				<group id="624"/>
				<group id="629"/>
				<group id="630"/>
				<group id="631"/>
				<group id="632"/>
				<group id="633"/>
				<group id="983"/>
				<group id="959"/>
				<group id="982"/>
				<group id="985"/>
				<group id="960"/>
				<group id="984"/>
				<group id="987"/>
				<group id="961"/>
				<group id="986"/>
				<group id="793"/>
				<group id="790"/>
				<group id="794"/>
				<group id="789"/>
				<group id="795"/>
				<group id="791"/>
				<group id="796"/>
				<group id="792"/>
				<group id="797"/>
				<group id="798"/>
				<group id="799"/>
				<group id="800"/>
				<group id="755"/>
				<group id="756"/>
				<group id="757"/>
				<group id="758"/>
				<group id="759"/>
				<group id="760"/>
				<group id="761"/>
				<group id="807"/>
				<group id="808"/>
				<group id="809"/>
				<group id="810"/>
				<group id="811"/>
				<group id="812"/>
				<group id="813"/>
				<group id="814"/>
				<group id="801"/>
				<group id="802"/>
				<group id="803"/>
				<group id="804"/>
				<group id="805"/>
				<group id="806"/>
				<group id="819"/>
				<group id="820"/>
				<group id="821"/>
				<group id="847"/>
				<group id="846"/>
				<group id="845"/>
				<group id="843"/>
				<group id="844"/>
				<group id="848"/>
				<group id="849"/>
				<group id="850"/>
				<group id="851"/>
				<group id="852"/>
				<group id="865"/>
				<group id="866"/>
				<group id="867"/>
				<group id="868"/>
				<group id="861"/>
				<group id="875"/>
				<group id="1056"/>
				<group id="1052"/>
				<group id="1054"/>
				<group id="1053"/>
				<group id="1051"/>
				<group id="301"/>
				<group id="446"/>
				<group id="288"/>
				<group id="337"/>
				<group id="523"/>
				<group id="520"/>
				<group id="522"/>
				<group id="534"/>
				<group id="527"/>
				<group id="533"/>
				<group id="816"/>
				<group id="817"/>
				<group id="818"/>
				<group id="822"/>
				<group id="823"/>
				<group id="824"/>
				<group id="825"/>
				<group id="826"/>
				<group id="827"/>
				<group id="828"/>
				<group id="829"/>
				<group id="182"/>
				<group id="1012"/>
				<group id="1005"/>
				<group id="1003"/>
				<group id="15"/>
				<group id="397"/>
				<group id="365"/>
				<group id="838"/>
				<group id="839"/>
				<group id="707"/>
				<group id="449"/>
				<group id="413"/>
				<group id="417"/>
				<group id="438"/>
				<group id="416"/>
				<group id="311"/>
				<group id="709"/>
				<group id="440"/>
				<group id="404"/>
				<group id="473"/>
				<group id="1071"/>
				<group id="1149"/>
				<group id="1106"/>
				<group id="1073"/>
				<group id="1082"/>
				<group id="1081"/>
				<group id="8"/>
				<group id="7"/>
			</groups>
			<filteredStates/>
			<ewarFilters/>
		</profile>		
		<profile name="&#10034; extra: align points">
			<groups>
				<group id="310"/>
				<group id="897"/>
				<group id="361"/>
				<group id="8"/>
				<group id="7"/>
				<group id="6"/>
				<group id="365"/>
				<group id="15"/>
				<group id="988"/>
				<group id="548"/>
				<group id="925"/>
				<group id="1003"/>
				<group id="1005"/>
				<group id="1012"/>
			</groups>
			<filteredStates>
				<state state="19"/>
				<state state="44"/>
				<state state="13"/>
				<state state="18"/>
				<state state="17"/>
				<state state="21"/>
			</filteredStates>
			<ewarFilters/>
		</profile>		
		<profile name="&#10034; extra: podsaver (!)">
			<groups>
				<group id="6"/>
				<group id="925"/>
				<group id="1025"/>
				<group id="1082"/>
				<group id="1081"/>
				<group id="8"/>
				<group id="9"/>
			</groups>
			<filteredStates/>
			<ewarFilters/>
		</profile>
		<profile name="&#10050; default brackets">
			<groups>
				<group id="324"/>
				<group id="419"/>
				<group id="27"/>
				<group id="898"/>
				<group id="883"/>
				<group id="29"/>
				<group id="547"/>
				<group id="906"/>
				<group id="540"/>
				<group id="830"/>
				<group id="26"/>
				<group id="420"/>
				<group id="485"/>
				<group id="893"/>
				<group id="381"/>
				<group id="543"/>
				<group id="833"/>
				<group id="513"/>
				<group id="25"/>
				<group id="358"/>
				<group id="894"/>
				<group id="28"/>
				<group id="941"/>
				<group id="831"/>
				<group id="541"/>
				<group id="902"/>
				<group id="832"/>
				<group id="900"/>
				<group id="463"/>
				<group id="659"/>
				<group id="237"/>
				<group id="31"/>
				<group id="834"/>
				<group id="30"/>
				<group id="380"/>
				<group id="335"/>
				<group id="10"/>
				<group id="361"/>
				<group id="897"/>
				<group id="963"/>
				<group id="863"/>
				<group id="864"/>
				<group id="1004"/>
				<group id="366"/>
				<group id="1022"/>
				<group id="934"/>
				<group id="479"/>
				<group id="492"/>
				<group id="548"/>
				<group id="90"/>
				<group id="6"/>
				<group id="9"/>
				<group id="7"/>
				<group id="15"/>
				<group id="365"/>
				<group id="1012"/>
				<group id="1005"/>
				<group id="1003"/>
				<group id="1082"/>
				<group id="1081"/>
				<group id="576"/>
				<group id="552"/>
				<group id="551"/>
				<group id="575"/>
				<group id="550"/>
				<group id="554"/>
				<group id="553"/>
				<group id="578"/>
				<group id="556"/>
				<group id="555"/>
				<group id="577"/>
				<group id="557"/>
				<group id="558"/>
				<group id="559"/>
				<group id="580"/>
				<group id="560"/>
				<group id="561"/>
				<group id="579"/>
				<group id="562"/>
				<group id="563"/>
				<group id="564"/>
				<group id="582"/>
				<group id="565"/>
				<group id="566"/>
				<group id="581"/>
				<group id="567"/>
				<group id="568"/>
				<group id="569"/>
				<group id="584"/>
				<group id="570"/>
				<group id="571"/>
				<group id="583"/>
				<group id="572"/>
				<group id="573"/>
				<group id="574"/>
				<group id="593"/>
				<group id="594"/>
				<group id="595"/>
				<group id="596"/>
				<group id="597"/>
				<group id="602"/>
				<group id="603"/>
				<group id="604"/>
				<group id="605"/>
				<group id="606"/>
				<group id="611"/>
				<group id="612"/>
				<group id="613"/>
				<group id="614"/>
				<group id="615"/>
				<group id="620"/>
				<group id="621"/>
				<group id="622"/>
				<group id="623"/>
				<group id="624"/>
				<group id="629"/>
				<group id="630"/>
				<group id="631"/>
				<group id="632"/>
				<group id="633"/>
				<group id="983"/>
				<group id="959"/>
				<group id="982"/>
				<group id="985"/>
				<group id="960"/>
				<group id="984"/>
				<group id="987"/>
				<group id="961"/>
				<group id="986"/>
				<group id="793"/>
				<group id="790"/>
				<group id="794"/>
				<group id="789"/>
				<group id="795"/>
				<group id="791"/>
				<group id="796"/>
				<group id="792"/>
				<group id="797"/>
				<group id="798"/>
				<group id="799"/>
				<group id="800"/>
				<group id="755"/>
				<group id="756"/>
				<group id="757"/>
				<group id="758"/>
				<group id="759"/>
				<group id="760"/>
				<group id="761"/>
				<group id="807"/>
				<group id="808"/>
				<group id="809"/>
				<group id="810"/>
				<group id="811"/>
				<group id="812"/>
				<group id="813"/>
				<group id="814"/>
				<group id="801"/>
				<group id="802"/>
				<group id="803"/>
				<group id="804"/>
				<group id="805"/>
				<group id="806"/>
				<group id="819"/>
				<group id="820"/>
				<group id="821"/>
				<group id="847"/>
				<group id="846"/>
				<group id="845"/>
				<group id="843"/>
				<group id="844"/>
				<group id="848"/>
				<group id="849"/>
				<group id="850"/>
				<group id="851"/>
				<group id="852"/>
				<group id="865"/>
				<group id="866"/>
				<group id="867"/>
				<group id="868"/>
				<group id="861"/>
				<group id="875"/>
				<group id="1056"/>
				<group id="1052"/>
				<group id="1054"/>
				<group id="1053"/>
				<group id="1051"/>
				<group id="337"/>
				<group id="523"/>
				<group id="520"/>
				<group id="522"/>
				<group id="534"/>
				<group id="527"/>
				<group id="533"/>
				<group id="816"/>
				<group id="817"/>
				<group id="818"/>
				<group id="822"/>
				<group id="823"/>
				<group id="824"/>
				<group id="825"/>
				<group id="826"/>
				<group id="827"/>
				<group id="828"/>
				<group id="829"/>
				<group id="925"/>
				<group id="1149"/>
				<group id="988"/>
				<group id="310"/>
				<group id="707"/>
				<group id="1201"/>
				<group id="1202"/>
			</groups>
			<filteredStates>
				<state state="15"/>
				<state state="16"/>
				<state state="14"/>
				<state state="12"/>
				<state state="11"/>
				<state state="21"/>
				<state state="49"/>
				<state state="45"/>
			</filteredStates>
			<ewarFilters/>
		</profile>		
		<profile name="&#10050; brackets with adds.">
			<groups>
				<group id="324"/>
				<group id="419"/>
				<group id="27"/>
				<group id="898"/>
				<group id="883"/>
				<group id="29"/>
				<group id="547"/>
				<group id="906"/>
				<group id="540"/>
				<group id="830"/>
				<group id="26"/>
				<group id="420"/>
				<group id="485"/>
				<group id="893"/>
				<group id="381"/>
				<group id="543"/>
				<group id="833"/>
				<group id="513"/>
				<group id="25"/>
				<group id="358"/>
				<group id="894"/>
				<group id="28"/>
				<group id="941"/>
				<group id="831"/>
				<group id="541"/>
				<group id="902"/>
				<group id="832"/>
				<group id="900"/>
				<group id="463"/>
				<group id="659"/>
				<group id="237"/>
				<group id="31"/>
				<group id="834"/>
				<group id="30"/>
				<group id="380"/>
				<group id="335"/>
				<group id="10"/>
				<group id="361"/>
				<group id="897"/>
				<group id="963"/>
				<group id="863"/>
				<group id="864"/>
				<group id="1004"/>
				<group id="366"/>
				<group id="1022"/>
				<group id="934"/>
				<group id="479"/>
				<group id="492"/>
				<group id="548"/>
				<group id="90"/>
				<group id="6"/>
				<group id="9"/>
				<group id="7"/>
				<group id="15"/>
				<group id="1012"/>
				<group id="1005"/>
				<group id="1003"/>
				<group id="1082"/>
				<group id="1081"/>
				<group id="576"/>
				<group id="552"/>
				<group id="551"/>
				<group id="575"/>
				<group id="550"/>
				<group id="554"/>
				<group id="553"/>
				<group id="578"/>
				<group id="556"/>
				<group id="555"/>
				<group id="577"/>
				<group id="557"/>
				<group id="558"/>
				<group id="559"/>
				<group id="580"/>
				<group id="560"/>
				<group id="561"/>
				<group id="579"/>
				<group id="562"/>
				<group id="563"/>
				<group id="564"/>
				<group id="582"/>
				<group id="565"/>
				<group id="566"/>
				<group id="581"/>
				<group id="567"/>
				<group id="568"/>
				<group id="569"/>
				<group id="584"/>
				<group id="570"/>
				<group id="571"/>
				<group id="583"/>
				<group id="572"/>
				<group id="573"/>
				<group id="574"/>
				<group id="593"/>
				<group id="594"/>
				<group id="595"/>
				<group id="596"/>
				<group id="597"/>
				<group id="602"/>
				<group id="603"/>
				<group id="604"/>
				<group id="605"/>
				<group id="606"/>
				<group id="611"/>
				<group id="612"/>
				<group id="613"/>
				<group id="614"/>
				<group id="615"/>
				<group id="620"/>
				<group id="621"/>
				<group id="622"/>
				<group id="623"/>
				<group id="624"/>
				<group id="629"/>
				<group id="630"/>
				<group id="631"/>
				<group id="632"/>
				<group id="633"/>
				<group id="983"/>
				<group id="959"/>
				<group id="982"/>
				<group id="985"/>
				<group id="960"/>
				<group id="984"/>
				<group id="987"/>
				<group id="961"/>
				<group id="986"/>
				<group id="793"/>
				<group id="790"/>
				<group id="794"/>
				<group id="789"/>
				<group id="795"/>
				<group id="791"/>
				<group id="796"/>
				<group id="792"/>
				<group id="797"/>
				<group id="798"/>
				<group id="799"/>
				<group id="800"/>
				<group id="755"/>
				<group id="756"/>
				<group id="757"/>
				<group id="758"/>
				<group id="759"/>
				<group id="760"/>
				<group id="761"/>
				<group id="807"/>
				<group id="808"/>
				<group id="809"/>
				<group id="810"/>
				<group id="811"/>
				<group id="812"/>
				<group id="813"/>
				<group id="814"/>
				<group id="801"/>
				<group id="802"/>
				<group id="803"/>
				<group id="804"/>
				<group id="805"/>
				<group id="806"/>
				<group id="819"/>
				<group id="820"/>
				<group id="821"/>
				<group id="847"/>
				<group id="846"/>
				<group id="845"/>
				<group id="843"/>
				<group id="844"/>
				<group id="848"/>
				<group id="849"/>
				<group id="850"/>
				<group id="851"/>
				<group id="852"/>
				<group id="865"/>
				<group id="866"/>
				<group id="867"/>
				<group id="868"/>
				<group id="861"/>
				<group id="875"/>
				<group id="1056"/>
				<group id="1052"/>
				<group id="1054"/>
				<group id="1053"/>
				<group id="1051"/>
				<group id="337"/>
				<group id="523"/>
				<group id="520"/>
				<group id="522"/>
				<group id="534"/>
				<group id="527"/>
				<group id="533"/>
				<group id="816"/>
				<group id="817"/>
				<group id="818"/>
				<group id="822"/>
				<group id="823"/>
				<group id="824"/>
				<group id="825"/>
				<group id="826"/>
				<group id="827"/>
				<group id="828"/>
				<group id="829"/>
				<group id="925"/>
				<group id="1149"/>
				<group id="988"/>
				<group id="544"/>
				<group id="100"/>
				<group id="639"/>
				<group id="1023"/>
				<group id="549"/>
				<group id="640"/>
				<group id="101"/>
				<group id="641"/>
				<group id="365"/>
				<group id="707"/>
				<group id="1201"/>
				<group id="1202"/>
				<group id="186"/>
				<group id="12"/>
				<group id="517"/>
				<group id="310"/>
				<group id="448"/>
				<group id="226"/>
				<group id="340"/>
				<group id="1159"/>
			</groups>
			<filteredStates>
				<state state="11"/>
			</filteredStates>
			<ewarFilters/>
		</profile>
		<profile name="&#10050; brackets show ally">
			<groups>
				<group id="324"/>
				<group id="419"/>
				<group id="27"/>
				<group id="898"/>
				<group id="883"/>
				<group id="29"/>
				<group id="547"/>
				<group id="906"/>
				<group id="540"/>
				<group id="830"/>
				<group id="26"/>
				<group id="420"/>
				<group id="485"/>
				<group id="893"/>
				<group id="381"/>
				<group id="543"/>
				<group id="833"/>
				<group id="513"/>
				<group id="25"/>
				<group id="358"/>
				<group id="894"/>
				<group id="28"/>
				<group id="941"/>
				<group id="831"/>
				<group id="541"/>
				<group id="902"/>
				<group id="832"/>
				<group id="900"/>
				<group id="463"/>
				<group id="659"/>
				<group id="237"/>
				<group id="31"/>
				<group id="834"/>
				<group id="30"/>
				<group id="380"/>
				<group id="335"/>
				<group id="10"/>
				<group id="361"/>
				<group id="897"/>
				<group id="963"/>
				<group id="863"/>
				<group id="864"/>
				<group id="1004"/>
				<group id="366"/>
				<group id="1022"/>
				<group id="934"/>
				<group id="479"/>
				<group id="492"/>
				<group id="548"/>
				<group id="90"/>
				<group id="6"/>
				<group id="9"/>
				<group id="7"/>
				<group id="15"/>
				<group id="365"/>
				<group id="1012"/>
				<group id="1005"/>
				<group id="1003"/>
				<group id="1082"/>
				<group id="1081"/>
				<group id="576"/>
				<group id="552"/>
				<group id="551"/>
				<group id="575"/>
				<group id="550"/>
				<group id="554"/>
				<group id="553"/>
				<group id="578"/>
				<group id="556"/>
				<group id="555"/>
				<group id="577"/>
				<group id="557"/>
				<group id="558"/>
				<group id="559"/>
				<group id="580"/>
				<group id="560"/>
				<group id="561"/>
				<group id="579"/>
				<group id="562"/>
				<group id="563"/>
				<group id="564"/>
				<group id="582"/>
				<group id="565"/>
				<group id="566"/>
				<group id="581"/>
				<group id="567"/>
				<group id="568"/>
				<group id="569"/>
				<group id="584"/>
				<group id="570"/>
				<group id="571"/>
				<group id="583"/>
				<group id="572"/>
				<group id="573"/>
				<group id="574"/>
				<group id="593"/>
				<group id="594"/>
				<group id="595"/>
				<group id="596"/>
				<group id="597"/>
				<group id="602"/>
				<group id="603"/>
				<group id="604"/>
				<group id="605"/>
				<group id="606"/>
				<group id="611"/>
				<group id="612"/>
				<group id="613"/>
				<group id="614"/>
				<group id="615"/>
				<group id="620"/>
				<group id="621"/>
				<group id="622"/>
				<group id="623"/>
				<group id="624"/>
				<group id="629"/>
				<group id="630"/>
				<group id="631"/>
				<group id="632"/>
				<group id="633"/>
				<group id="983"/>
				<group id="959"/>
				<group id="982"/>
				<group id="985"/>
				<group id="960"/>
				<group id="984"/>
				<group id="987"/>
				<group id="961"/>
				<group id="986"/>
				<group id="793"/>
				<group id="790"/>
				<group id="794"/>
				<group id="789"/>
				<group id="795"/>
				<group id="791"/>
				<group id="796"/>
				<group id="792"/>
				<group id="797"/>
				<group id="798"/>
				<group id="799"/>
				<group id="800"/>
				<group id="755"/>
				<group id="756"/>
				<group id="757"/>
				<group id="758"/>
				<group id="759"/>
				<group id="760"/>
				<group id="761"/>
				<group id="807"/>
				<group id="808"/>
				<group id="809"/>
				<group id="810"/>
				<group id="811"/>
				<group id="812"/>
				<group id="813"/>
				<group id="814"/>
				<group id="801"/>
				<group id="802"/>
				<group id="803"/>
				<group id="804"/>
				<group id="805"/>
				<group id="806"/>
				<group id="819"/>
				<group id="820"/>
				<group id="821"/>
				<group id="847"/>
				<group id="846"/>
				<group id="845"/>
				<group id="843"/>
				<group id="844"/>
				<group id="848"/>
				<group id="849"/>
				<group id="850"/>
				<group id="851"/>
				<group id="852"/>
				<group id="865"/>
				<group id="866"/>
				<group id="867"/>
				<group id="868"/>
				<group id="861"/>
				<group id="875"/>
				<group id="1056"/>
				<group id="1052"/>
				<group id="1054"/>
				<group id="1053"/>
				<group id="1051"/>
				<group id="337"/>
				<group id="523"/>
				<group id="520"/>
				<group id="522"/>
				<group id="534"/>
				<group id="527"/>
				<group id="533"/>
				<group id="816"/>
				<group id="817"/>
				<group id="818"/>
				<group id="822"/>
				<group id="823"/>
				<group id="824"/>
				<group id="825"/>
				<group id="826"/>
				<group id="827"/>
				<group id="828"/>
				<group id="829"/>
				<group id="925"/>
				<group id="1149"/>
				<group id="988"/>
				<group id="310"/>
				<group id="707"/>
				<group id="1201"/>
				<group id="1202"/>
			</groups>
			<filteredStates/>
			<ewarFilters/>
		</profile>
	</eveOverview>